1,2
375 Ag & Resource Econ & Pol,300 Ag & Resource Econ & Pol
11A African American Studies,C11A African American Studies
11B African American Studies,C11B African American Studies
C11A African American Studies,1A Linguistics
C11B African American Studies,1B Linguistics
R1AN African American Studies,R1A African American Studies
W124 African American Studies,N124 African American Studies
10 American Studies,10AC American Studies
10 American Studies,10 Optometry
101 American Studies,130 Education
101AC American Studies,130 Education
10AC American Studies,10 American Studies
10AC American Studies,10 Optometry
178AC American Studies,180C American Studies
178AC American Studies,184I American Studies
178AC American Studies,188F American Studies
188F American Studies,178AC American Studies
H110 American Studies,110 American Studies
1 Anthropology,1 FPF-Anthropology
136H Anthropology,128M Anthropology
140 Anthropology,3 Anthropology
162AC Anthropology,162 Anthropology
189 Anthropology,189A Anthropology
2 Anthropology,2AC Anthropology
2 Anthropology,2AC FPF-Anthropology
2AC Anthropology,2 Anthropology
3 Anthropology,3AC Anthropology
375 Anthropology,300 Anthropology
3AC Anthropology,3 Anthropology
10 Arabic,1A Arabic
10 Arabic,1B Arabic
108 Arabic,107 Arabic
1A Arabic,10 Arabic
1B Arabic,10 Arabic
20A Arabic,30 Arabic
20B Arabic,30 Arabic
30 Arabic,20A Arabic
30 Arabic,20B Arabic
108 Architecture,128 Architecture
11A Architecture,11A Environmental Design
11B Architecture,11B Environmental Design
123 Architecture,133A Architecture
124A Architecture,133B Architecture
203A Architecture,203 Architecture
204 Architecture,202A Architecture
204A Architecture,202A Architecture
204A Architecture,204 Architecture
204A Architecture,204B Architecture
204B Architecture,204 Architecture
205A Architecture,205B Architecture
209 Architecture,209X Architecture
209C Architecture,209D Architecture
209D Architecture,209C Architecture
242 Architecture,249 Architecture
243 Architecture,249 Architecture
244 Architecture,249 Architecture
260 Architecture,160 Architecture
375 Architecture,300 Architecture
143 Asian American Studies,143AC Asian American Studies
143AC Asian American Studies,143 Asian American Studies
150 Asian American Studies,150 Anthropology
151AC Asian American Studies,151 Asian American Studies
171 Asian American Studies,190 Asian American Studies
190 Asian American Studies,190AC Asian American Studies
190AC Asian American Studies,190 Asian American Studies
20A Asian American Studies,20A FPF-Asian American Stds
20AC Asian American Studies,20B Asian American Studies
20B Asian American Studies,20AC Asian American Studies
10 Astronomy,7A Astronomy
10 Astronomy,7B Astronomy
10 Astronomy,C10 Astronomy
120 Astronomy,122 Astronomy
7A Astronomy,10 Astronomy
7A Astronomy,C10 Astronomy
7B Astronomy,10 Astronomy
7B Astronomy,7A Astronomy
7B Astronomy,C10 Astronomy
C10 Astronomy,10 Astronomy
C10 Astronomy,7A Astronomy
C10 Astronomy,7B Astronomy
C12 Astronomy,N12 Astronomy
C12 Astronomy,W12 Astronomy
C202 Astronomy,202 Astronomy
C207 Astronomy,201 Astronomy
N12 Astronomy,C12 Astronomy
W12 Astronomy,C12 Astronomy
W12 Astronomy,N12 Astronomy
131 Bioengineering,231 Bioengineering
144 Bioengineering,C144 Bioengineering
147 Bioengineering,247 Bioengineering
151 Bioengineering,251 Bioengineering
221 Bioengineering,121 Bioengineering
231 Bioengineering,131 Bioengineering
232 Bioengineering,132 Bioengineering
243 Bioengineering,143 Bioengineering
247 Bioengineering,147 Bioengineering
251 Bioengineering,151 Bioengineering
263 Bioengineering,163 Bioengineering
C144 Bioengineering,144 Bioengineering
C265 Bioengineering,265 Bioengineering
1AL Biology,1A Biology
154 Business Admin-Undergrad,151 Economics
145A Celtic Studies,15 Celtic Studies
168 Celtic Studies,C168 Celtic Studies
C168 Celtic Studies,168 Celtic Studies
103 Chemistry,104A Chemistry
103 Chemistry,104B Chemistry
104A Chemistry,103 Chemistry
112A Chemistry,3A Chemistry
112A Chemistry,3AL Chemistry
112A Chemistry,3B Chemistry
112A Chemistry,3BL Chemistry
112A Chemistry,N3AL Chemistry
112B Chemistry,3AL Chemistry
112B Chemistry,3B Chemistry
112B Chemistry,3BL Chemistry
112B Chemistry,N3AL Chemistry
120A Chemistry,130B Chemistry
120A Chemistry,C130 Chemistry
120B Chemistry,130B Chemistry
120B Chemistry,C130 Chemistry
125 Chemistry,C182 Chemistry
130B Chemistry,104A Chemistry
130B Chemistry,120A Chemistry
130B Chemistry,120B Chemistry
135 Chemistry,100B Molecular & Cell Biology
135 Chemistry,102 Molecular & Cell Biology
15 Chemistry,4B Chemistry
1A Chemistry,1AD Chemistry
1A Chemistry,4A Chemistry
1AD Chemistry,1A Chemistry
1AD Chemistry,4A Chemistry
1AL Chemistry,1A Chemistry
1AL Chemistry,4A Chemistry
1B Chemistry,3A Chemistry
1B Chemistry,4B Chemistry
301B Chemistry,301 Chemistry
3A Chemistry,112A Chemistry
3A Chemistry,1B Chemistry
3A Chemistry,4B Chemistry
3AL Chemistry,112A Chemistry
3B Chemistry,112B Chemistry
3BL Chemistry,112B Chemistry
4A Chemistry,1A Chemistry
4A Chemistry,1AL Chemistry
4B Chemistry,15 Chemistry
4B Chemistry,1B Chemistry
4B Chemistry,3A Chemistry
96 Chemistry,C96 Chemistry
C130 Chemistry,120B Chemistry
C182 Chemistry,125 Chemistry
N3AL Chemistry,112A Chemistry
N3AL Chemistry,3AL Chemistry
W1A Chemistry,1A Chemistry
W1A Chemistry,4A Chemistry
1 Chinese,1A Chinese
1 Chinese,1B Chinese
10 Chinese,10A Chinese
10 Chinese,10B Chinese
100A Chinese,100XA Chinese
100A Chinese,100YA Chinese
100AX Chinese,100A Chinese
100B Chinese,100XB Chinese
100BX Chinese,100B Chinese
100XA Chinese,100A Chinese
100XA Chinese,100B Chinese
100XB Chinese,100A Chinese
100XB Chinese,100B Chinese
100YA Chinese,100A Chinese
100YA Chinese,100XA Chinese
10A Chinese,10 Chinese
10A Chinese,10X Chinese
10AX Chinese,10 Chinese
10AX Chinese,10A Chinese
10AX Chinese,10X Chinese
10B Chinese,10 Chinese
10B Chinese,10X Chinese
10B Chinese,10Y Chinese
10BX Chinese,10 Chinese
10BX Chinese,10B Chinese
10BX Chinese,10X Chinese
10X Chinese,10 Chinese
10X Chinese,10A Chinese
10X Chinese,10AX Chinese
10X Chinese,10B Chinese
10X Chinese,10BX Chinese
10X Chinese,10Y Chinese
10Y Chinese,10 Chinese
10Y Chinese,10A Chinese
10Y Chinese,10B Chinese
10Y Chinese,10X Chinese
1A Chinese,1 Chinese
1AX Chinese,1 Chinese
1AX Chinese,1A Chinese
1AX Chinese,1AY Chinese
1AX Chinese,1X Chinese
1AY Chinese,1 Chinese
1AY Chinese,1A Chinese
1AY Chinese,1AX Chinese
1AY Chinese,1B Chinese
1AY Chinese,1BX Chinese
1AY Chinese,1X Chinese
1B Chinese,1 Chinese
1B Chinese,1X Chinese
1B Chinese,1Y Chinese
1BX Chinese,1 Chinese
1BX Chinese,1B Chinese
1BX Chinese,1BY Chinese
1BX Chinese,1X Chinese
1BY Chinese,1 Chinese
1BY Chinese,1A Chinese
1BY Chinese,1AX Chinese
1BY Chinese,1B Chinese
1BY Chinese,1BX Chinese
1BY Chinese,1X Chinese
1X Chinese,1 Chinese
1X Chinese,1A Chinese
1X Chinese,1AX Chinese
1X Chinese,1B Chinese
1X Chinese,1BX Chinese
1X Chinese,1Y Chinese
1Y Chinese,1 Chinese
1Y Chinese,1A Chinese
1Y Chinese,1B Chinese
1Y Chinese,1X Chinese
140 Chemical Engineering,7 Engineering
140 Chemical Engineering,W7 Engineering
120 Civil & Environmental Eng,140 Civil & Environmental Eng
121 Civil & Environmental Eng,122 Civil & Environmental Eng
121 Civil & Environmental Eng,122N Civil & Environmental Eng
122 Civil & Environmental Eng,122N Civil & Environmental Eng
122L Civil & Environmental Eng,122 Civil & Environmental Eng
122L Civil & Environmental Eng,123L Civil & Environmental Eng
122N Civil & Environmental Eng,122 Civil & Environmental Eng
123L Civil & Environmental Eng,122L Civil & Environmental Eng
123L Civil & Environmental Eng,123 Civil & Environmental Eng
123N Civil & Environmental Eng,123 Civil & Environmental Eng
130N Civil & Environmental Eng,130 Civil & Environmental Eng
167 Civil & Environmental Eng,120 Engineering
173 Civil & Environmental Eng,271 Civil & Environmental Eng
200A Civil & Environmental Eng,105 Civil & Environmental Eng
222 Civil & Environmental Eng,221 Civil & Environmental Eng
246 Civil & Environmental Eng,245 Civil & Environmental Eng
270 Civil & Environmental Eng,270A Civil & Environmental Eng
60 Civil & Environmental Eng,45 Engineering
130 Classics,151 Comparative Literature
130 Classics,108 Near Eastern Studies
28 Classics,N28 Classics
36 Classics,25A Philosophy
N28 Classics,28 Classics
1 Cognitive Science,C1 Cognitive Science
1 Cognitive Science,N1 Cognitive Science
131 Cognitive Science,C131 Cognitive Science
C1 Cognitive Science,1 Cognitive Science
N1 Cognitive Science,1 Cognitive Science
N1 Cognitive Science,C1 Cognitive Science
150AC College Writing Programs,50AC College Writing Programs
375 College Writing Programs,300 College Writing Programs
50AC College Writing Programs,150AC College Writing Programs
7F College Writing Programs,6I College Writing Programs
R1A College Writing Programs,R1A African American Studies
R1A College Writing Programs,R1A Comparative Literature
R1A College Writing Programs,R1A Rhetoric
R1A College Writing Programs,R5A South Asian
R1A College Writing Programs,R1A Theater Dance & Perf Stds
W9 College Writing Programs,N9 College Writing Programs
151 Comparative Literature,130 Classics
151 Comparative Literature,108 Near Eastern Studies
375 Comparative Literature,360S Comparative Literature
60AC Comparative Literature,N60AC Comparative Literature
N1B Comparative Literature,R1B Comparative Literature
N60AC Comparative Literature,60AC Comparative Literature
R1A Comparative Literature,R1A College Writing Programs
R1A Comparative Literature,R4A College Writing Programs
R1B Comparative Literature,N1B Comparative Literature
10 Computer Science,W10 Computer Science
195 Computer Science,H195 Computer Science
260A Computer Science,160 Computer Science
284A Computer Science,184 Computer Science
284B Computer Science,283 Computer Science
375 Computer Science,301 Computer Science
3S Computer Science,9A Computer Science
3S Computer Science,9C Computer Science
3S Computer Science,9E Computer Science
3S Computer Science,7 Engineering
47A Computer Science,61A Computer Science
47B Computer Science,61B Computer Science
61A Computer Science,47A Computer Science
61A Computer Science,61AS Computer Science
61A Computer Science,9A Computer Science
61A Computer Science,9C Computer Science
61A Computer Science,9E Computer Science
61A Computer Science,7 Engineering
61AS Computer Science,47A Computer Science
61AS Computer Science,61A Computer Science
61B Computer Science,3S Computer Science
61B Computer Science,47B Computer Science
61B Computer Science,61BL Computer Science
61B Computer Science,9A Computer Science
61B Computer Science,9C Computer Science
61B Computer Science,9E Computer Science
61B Computer Science,7 Engineering
61BL Computer Science,47B Computer Science
61BL Computer Science,61B Computer Science
61C Computer Science,3S Computer Science
61C Computer Science,61CL Computer Science
61C Computer Science,9A Computer Science
61C Computer Science,9C Computer Science
61C Computer Science,9E Computer Science
61C Computer Science,7 Engineering
61CL Computer Science,3S Computer Science
61CL Computer Science,61C Computer Science
61CL Computer Science,9A Computer Science
61CL Computer Science,9C Computer Science
61CL Computer Science,9E Computer Science
61CL Computer Science,7 Engineering
70 Computer Science,55 Mathematics
88 Computer Science,61A Computer Science
9A Computer Science,61A Computer Science
9A Computer Science,9C Computer Science
9A Computer Science,9E Computer Science
9A Computer Science,9F Computer Science
9A Computer Science,9H Computer Science
9A Computer Science,7 Engineering
9C Computer Science,9A Computer Science
9C Computer Science,9E Computer Science
9C Computer Science,9F Computer Science
9C Computer Science,9H Computer Science
9C Computer Science,110 Engineering
9E Computer Science,3S Computer Science
9E Computer Science,9A Computer Science
9E Computer Science,9C Computer Science
9E Computer Science,9H Computer Science
9E Computer Science,7 Engineering
9F Computer Science,61A Computer Science
9F Computer Science,9A Computer Science
9F Computer Science,9C Computer Science
9F Computer Science,9E Computer Science
9F Computer Science,9H Computer Science
9F Computer Science,7 Engineering
9G Computer Science,61A Computer Science
9G Computer Science,9A Computer Science
9G Computer Science,9C Computer Science
9G Computer Science,9E Computer Science
9G Computer Science,9F Computer Science
9G Computer Science,7 Engineering
9H Computer Science,9A Computer Science
9H Computer Science,9C Computer Science
9H Computer Science,9E Computer Science
9H Computer Science,9F Computer Science
C281A Computer Science,C281B Computer Science
H195 Computer Science,195 Computer Science
W10 Computer Science,10 Computer Science
100A Cuneiform,100B Cuneiform
256 City & Regional Planning,C256 City & Regional Planning
268 City & Regional Planning,218 City & Regional Planning
282 City & Regional Planning,250 City & Regional Planning
C256 City & Regional Planning,256 City & Regional Planning
C165 Demography,127 Sociology
1 Economics,2 Economics
100A Economics,101A Economics
100A Economics,101A Business Admin-Undergrad
100B Economics,101B Economics
100B Economics,101B Business Admin-Undergrad
101A Economics,100A Economics
101A Economics,101A Business Admin-Undergrad
101B Economics,100B Economics
101B Economics,101B Business Admin-Undergrad
104 Economics,C135 Political Science
115 Economics,160 History
136 Economics,103 Business Admin-Undergrad
140 Economics,141 Economics
141 Economics,140 Economics
2 Economics,1 Economics
217 Economics,278B Statistics
375 Economics,301 Economics
C110 Economics,104 Economics
C181 Economics,N181 Economics
C181 Economics,118 Business Admin-Undergrad
N110 Economics,104 Economics
N110 Economics,C135 Political Science
N113 Economics,113 Economics
N136 Economics,136 Economics
N175 Economics,C175 Economics
N181 Economics,C181 Economics
130 Education,101 American Studies
130 Education,101AC American Studies
149 Education,160 Education
149 Education,257 Education
160 Education,149 Education
160 Education,257 Education
183 Education,183 Sociology
185 Education,185 Sociology
189 Education,189 Sociology
211B Education,211A Education
262H Education,262A Education
271F Education,271E Education
280C Education,280C Sociology
280D Education,280D Sociology
294E Education,294A Education
30AC Education,40AC Education
30AC Education,N40AC Education
40AC Education,N40AC Education
413A Education,413B Education
413B Education,413A Education
N140 Education,140AC Education
N40AC Education,30AC Education
N40AC Education,40AC Education
251A Electrical Eng & Computer Sci,141 Electrical Engineering
251A Electrical Eng & Computer Sci,241A Electrical Engineering
100 Electrical Engineering,42 Electrical Engineering
105 Electrical Engineering,140 Electrical Engineering
105 Electrical Engineering,240A Electrical Engineering
118 Electrical Engineering,218A Electrical Engineering
127 Electrical Engineering,127A Electrical Engineering
130 Electrical Engineering,230A Electrical Engineering
130 Electrical Engineering,230M Electrical Engineering
140 Electrical Engineering,240A Electrical Engineering
142 Electrical Engineering,140 Electrical Engineering
142 Electrical Engineering,242M Electrical Engineering
16A Electrical Engineering,20 Electrical Engineering
16A Electrical Engineering,20N Electrical Engineering
16A Electrical Engineering,40 Electrical Engineering
16B Electrical Engineering,20 Electrical Engineering
16B Electrical Engineering,20N Electrical Engineering
16B Electrical Engineering,40 Electrical Engineering
20 Electrical Engineering,20N Electrical Engineering
206A Electrical Engineering,215A Electrical Engineering
206A Electrical Engineering,C106A Electrical Engineering
206A Electrical Engineering,C125 Electrical Engineering
20N Electrical Engineering,20 Electrical Engineering
215A Electrical Engineering,C106A Electrical Engineering
215A Electrical Engineering,C125 Electrical Engineering
218A Electrical Engineering,118 Electrical Engineering
218A Electrical Engineering,119 Electrical Engineering
227A Electrical Engineering,227BT Electrical Engineering
227AT Electrical Engineering,127 Electrical Engineering
227BT Electrical Engineering,227A Electrical Engineering
230A Electrical Engineering,130 Electrical Engineering
230A Electrical Engineering,230M Electrical Engineering
230B Electrical Engineering,231 Electrical Engineering
230C Electrical Engineering,230 Electrical Engineering
230M Electrical Engineering,130 Electrical Engineering
240A Electrical Engineering,140 Electrical Engineering
240B Electrical Engineering,240 Electrical Engineering
240C Electrical Engineering,247 Electrical Engineering
240C Electrical Engineering,290Y Electrical Engineering
241A Electrical Engineering,141 Electrical Engineering
241B Electrical Engineering,241 Electrical Engineering
242A Electrical Engineering,142 Electrical Engineering
242A Electrical Engineering,242M Electrical Engineering
242M Electrical Engineering,142 Electrical Engineering
247 Electrical Engineering,240C Electrical Engineering
247 Electrical Engineering,290Y Electrical Engineering
375 Electrical Engineering,301 Electrical Engineering
40 Electrical Engineering,100 Electrical Engineering
40 Electrical Engineering,42 Electrical Engineering
42 Electrical Engineering,100 Electrical Engineering
42 Electrical Engineering,40 Electrical Engineering
C106A Electrical Engineering,206A Electrical Engineering
C106A Electrical Engineering,215A Electrical Engineering
C106A Electrical Engineering,C125 Electrical Engineering
C125 Electrical Engineering,206A Electrical Engineering
C125 Electrical Engineering,215A Electrical Engineering
C125 Electrical Engineering,C106A Electrical Engineering
C149 Electrical Engineering,C249A Electrical Engineering
C245 Electrical Engineering,C218 Mechanical Engineering
C249A Electrical Engineering,C149 Electrical Engineering
C249B Electrical Engineering,249 Electrical Engineering
180 Energy and Resources,C180 Energy and Resources
C180 Energy and Resources,180 Energy and Resources
110 Engineering,3S Computer Science
110 Engineering,61A Computer Science
110 Engineering,61B Computer Science
110 Engineering,61C Computer Science
110 Engineering,61CL Computer Science
110 Engineering,9A Computer Science
110 Engineering,9C Computer Science
110 Engineering,9E Computer Science
110 Engineering,9F Computer Science
110 Engineering,7 Engineering
115 Engineering,105 Mechanical Engineering
120 Engineering,167 Civil & Environmental Eng
190 Engineering,190 Civil & Environmental Eng
25 Engineering,10 Engineering
25 Engineering,28 Engineering
26 Engineering,10 Engineering
26 Engineering,28 Engineering
290B Engineering,290T Evening & Weekend MBA
290B Engineering,290B Business Admin-MBA
290E Engineering,290E Business Admin-MBA
290S Engineering,248A Evening & Weekend MBA
290S Engineering,248A Business Admin-MBA
7 Engineering,W7 Engineering
W7 Engineering,7 Engineering
114B English,N114B English
115B English,N115B English
117S English,N117S English
118 English,N118 English
121 English,N121 English
125D English,N125D English
125E English,N125E English
130A English,N130A English
130D English,N130D English
132 English,N132 English
141 English,N141 English
152 English,175 English
165 English,165AC English
165AC English,165 English
166 English,166AC English
166 English,N166 English
166AC English,166 English
166AC English,N166 English
20 English,N20 English
375 English,302 English
N114B English,114B English
N115B English,115B English
N117S English,117S English
N118 English,118 English
N121 English,121 English
N125B English,125B English
N125D English,125D English
N125E English,125E English
N130A English,130A English
N130D English,130D English
N132 English,132 English
N135 English,135AC English
N141 English,141 English
N166 English,166 English
N166 English,166AC English
N176 English,176 English
N180H English,180H English
N180Z English,180Z English
N1A English,R1A College Writing Programs
N1A English,R1A English
N1A English,R1AN English
N1B English,R1B English
N31AC English,31AC English
R1A English,R1A College Writing Programs
R1A English,R4A College Writing Programs
R1A English,N1A English
R1A English,R1AN English
R1AN English,N1A English
R1AN English,R1A English
R1B English,N1B English
11A Environmental Design,11A Architecture
11B Environmental Design,11B Architecture
100 Environ Econ & Policy,100A Economics
100 Environ Econ & Policy,101A Economics
100 Environ Econ & Policy,100 Political Economy
100 Environ Econ & Policy,101A Business Admin-Undergrad
C1 Environ Econ & Policy,1 Economics
C1 Environ Econ & Policy,2 Economics
C101 Environ Econ & Policy,101 Political Economy
130 Earth & Planetary Science,130 Physics
236 Earth & Planetary Science,238 Physics
254 Earth & Planetary Science,250 Physics
375 Earth & Planetary Science,300 Earth & Planetary Science
C100 Earth & Planetary Science,C100 Integrative Biology
C182 Earth & Planetary Science,125 Chemistry
C82 Earth & Planetary Science,N82 Earth & Planetary Science
C82 Earth & Planetary Science,C82 Integrative Biology
N82 Earth & Planetary Science,C82 Earth & Planetary Science
"100ES Env Sci, Policy, & Mgmt",100 Environmental Sciences
"105C Env Sci, Policy, & Mgmt","137 Env Sci, Policy, & Mgmt"
"105C Env Sci, Policy, & Mgmt",161 Integrative Biology
"111 Env Sci, Policy, & Mgmt",C129D Anthropology
"112 Env Sci, Policy, & Mgmt",150 Plant Biology
"132 Env Sci, Policy, & Mgmt",120 Plant Biology
"137 Env Sci, Policy, & Mgmt",161 Integrative Biology
"15 Env Sci, Policy, & Mgmt",10 Environmental Sciences
"155 Env Sci, Policy, & Mgmt","155AC Env Sci, Policy, & Mgmt"
"155AC Env Sci, Policy, & Mgmt","155 Env Sci, Policy, & Mgmt"
"163AC Env Sci, Policy, & Mgmt",128 Sociology
"175A Env Sci, Policy, & Mgmt",196A Environmental Sciences
"175B Env Sci, Policy, & Mgmt",196B Environmental Sciences
"194A Env Sci, Policy, & Mgmt","194 Env Sci, Policy, & Mgmt"
"375 Env Sci, Policy, & Mgmt","301 Env Sci, Policy, & Mgmt"
"60 Env Sci, Policy, & Mgmt","151 Env Sci, Policy, & Mgmt"
"C12 Env Sci, Policy, & Mgmt","C10 Env Sci, Policy, & Mgmt"
"C192 Env Sci, Policy, & Mgmt","192 Env Sci, Policy, & Mgmt"
103A Ethnic Studies,103B Ethnic Studies
126 Ethnic Studies,C126 Ethnic Studies
130 Ethnic Studies,130AC Ethnic Studies
130AC Ethnic Studies,130 Ethnic Studies
135 Ethnic Studies,135AC Ethnic Studies
135AC Ethnic Studies,135 Ethnic Studies
150 Ethnic Studies,150AC Ethnic Studies
150AC Ethnic Studies,150 Ethnic Studies
180 Ethnic Studies,195 Ethnic Studies
C126 Ethnic Studies,126 Ethnic Studies
N180 Ethnic Studies,N190 Ethnic Studies
295D Evening & Weekend MBA,236V Evening & Weekend MBA
W211 Evening & Weekend MBA,211 Evening & Weekend MBA
100A Filipino,100A Tagalog
100B Filipino,100B Tagalog
1A Filipino,1A Tagalog
1B Filipino,1B Tagalog
128 Film,28A Film
180 Film,180A Film
180A Film,180 Film
181 Film,180B Film
186 Film,187 Film
187 Film,186 Film
R1A Film,R1A Rhetoric
1 French,15 French
103B French,103A French
12 French,1 French
12 French,2 French
131A French,148 French
148 French,131A French
15 French,1 French
15 French,2 French
177B French,177A French
180B French,180A French
180D French,180A French
2 French,15 French
147 Geography,187 Geography
159AC Geography,159AC Ethnic Studies
C110 Geography,110 Geography
N130 Geography,130 Geography
N4 Geography,4 Geography
1 German,10 German
10 German,1 German
10 German,2 German
170 German,270 German
173 German,102D German
173 German,103 German
2 German,10 German
375A German,350 German
C25 German,157B German
1 Greek,15 Greek
10 Greek,1 Greek
10 Greek,15 Greek
10 Greek,2 Greek
15 Greek,1 Greek
15 Greek,10 Greek
15 Greek,2 Greek
2 Greek,15 Greek
375 Grad Professional Dev Pgm,300 Grad Professional Dev Pgm
103 Gender & Womens Studies,125 Gender & Womens Studies
15 Hindi-Urdu,1A Hindi-Urdu
15 Hindi-Urdu,1B Hindi-Urdu
1A Hindi-Urdu,15 Hindi-Urdu
1B Hindi-Urdu,15 Hindi-Urdu
171 History of Art,190E History of Art
172 History of Art,175 History of Art
182 History of Art,188 History of Art
230 History of Art,289 History of Art
234 History of Art,289 History of Art
236 History of Art,289 History of Art
240 History of Art,289 History of Art
262 History of Art,289 History of Art
270 History of Art,289 History of Art
281 History of Art,289 History of Art
N100 History of Art,100 History of Art
N180C History of Art,180C History of Art
112C History,100 History
124A History,N124A History
136 History,136 Ethnic Studies
160 History,115 Economics
164B History,163B History
180 History,180T History
30 History,30A History
30 History,30B History
375 History,300 History
6 History,6A History
6 History,6B History
6A History,6 History
6B History,6 History
C111B History,111B History
N106A History,106A History
N106B History,106B History
N119A History,119A History
N124A History,124A History
N124A History,125A History
N124B History,124B History
N131B History,131B History
N151C History,151C History
N158C History,158C History
202D Health & Medical Sciences,202C Health & Medical Sciences
105A International & Area Stds,105 International & Area Stds
105B International & Area Stds,105 International & Area Stds
106 International & Area Stds,100A Economics
106 International & Area Stds,101A Economics
106 International & Area Stds,100 Environ Econ & Policy
106 International & Area Stds,101A Business Admin-Undergrad
107 International & Area Stds,100B Economics
107 International & Area Stds,101B Economics
107 International & Area Stds,101B Business Admin-Undergrad
155AC International & Area Stds,180 International & Area Stds
375 International & Area Stds,301 International & Area Stds
H102 International & Area Stds,C118 Environ Econ & Policy
H102 International & Area Stds,102 International & Area Stds
161 Industrial Eng & Ops Rsch,173 Industrial Eng & Ops Rsch
165 Industrial Eng & Ops Rsch,135 Statistics
171 Industrial Eng & Ops Rsch,105 Business Admin-Undergrad
172 Industrial Eng & Ops Rsch,134 Statistics
173 Industrial Eng & Ops Rsch,161 Industrial Eng & Ops Rsch
191 Industrial Eng & Ops Rsch,190A Industrial Eng & Ops Rsch
C253 Industrial Eng & Ops Rsch,258 Civil & Environmental Eng
103 Information,C103 Information
153 Information,190 Information
228 Information,290 Information
253 Information,290 Information
287 Information,290 Information
290TA Information,290 Information
C103 Information,103 Information
C262 Information,290 Information
C263 Information,290 Information
C263 Information,290 New Media
C283 Information,290 Information
256 Information,290 Information
102LF Integrative Biology,102 Integrative Biology
102LF Integrative Biology,102L Integrative Biology
103LF Integrative Biology,103L Integrative Biology
104LF Integrative Biology,104 Integrative Biology
104LF Integrative Biology,104L Integrative Biology
112 Integrative Biology,112L Integrative Biology
116L Integrative Biology,116 Integrative Biology
117LF Integrative Biology,117L Integrative Biology
119 Integrative Biology,150A Public Health
119 Integrative Biology,150B Public Health
123AL Integrative Biology,123A Integrative Biology
127L Integrative Biology,127 Integrative Biology
132 Integrative Biology,136 Molecular & Cell Biology
132 Integrative Biology,32 Molecular & Cell Biology
132L Integrative Biology,32L Molecular & Cell Biology
144 Integrative Biology,146LF Integrative Biology
144 Integrative Biology,160 Molecular & Cell Biology
144 Integrative Biology,C160 Molecular & Cell Biology
144 Integrative Biology,C115B Psychology
146LF Integrative Biology,146 Integrative Biology
146LF Integrative Biology,146L Integrative Biology
158LF Integrative Biology,C158 Integrative Biology
159 Integrative Biology,8 Earth & Planetary Science
159 Integrative Biology,40 Geography
168L Integrative Biology,168 Integrative Biology
169 Integrative Biology,163 Integrative Biology
173LF Integrative Biology,173 Integrative Biology
174LF Integrative Biology,174 Integrative Biology
174LF Integrative Biology,174L Integrative Biology
175LF Integrative Biology,175 Integrative Biology
175LF Integrative Biology,175L Integrative Biology
181 Integrative Biology,181L Integrative Biology
181L Integrative Biology,181 Integrative Biology
183L Integrative Biology,183 Integrative Biology
184L Integrative Biology,184 Integrative Biology
31 Integrative Biology,144 Integrative Biology
31 Integrative Biology,C115B Psychology
32 Integrative Biology,C32 Integrative Biology
375 Integrative Biology,303 Integrative Biology
C107 Integrative Biology,136 Integrative Biology
C129L Integrative Biology,C129 Integrative Biology
C144 Integrative Biology,144 Integrative Biology
C144 Integrative Biology,146 Integrative Biology
C144 Integrative Biology,146L Integrative Biology
C144 Integrative Biology,146LF Integrative Biology
C144 Integrative Biology,C115B Psychology
C155 Integrative Biology,"111 Env Sci, Policy, & Mgmt"
C158 Integrative Biology,142 Geography
C187 Integrative Biology,187 Integrative Biology
C32 Integrative Biology,32 Integrative Biology
C82 Integrative Biology,C82 Earth & Planetary Science
190 Interdisciplinary Studies,190 Sociology
198 Interdisciplinary Studies,198 Sociology
C101 Interdisciplinary Studies,110 Geography
C101 Interdisciplinary Studies,100A Interdisciplinary Studies
W187 Interdisciplinary Studies,187 Interdisciplinary Studies
1 Italian Studies,20 Italian Studies
2 Italian Studies,20 Italian Studies
20 Italian Studies,1 Italian Studies
20 Italian Studies,2 Italian Studies
1 Japanese,1A Japanese
1 Japanese,1B Japanese
10 Japanese,10A Japanese
10 Japanese,10B Japanese
100 Japanese,100A Japanese
100 Japanese,100B Japanese
100A Japanese,100 Japanese
100B Japanese,100 Japanese
100X Japanese,100B Japanese
10A Japanese,10 Japanese
10B Japanese,10 Japanese
10X Japanese,10B Japanese
1A Japanese,1 Japanese
1B Japanese,1 Japanese
230 Japanese,111 Gender & Womens Studies
1 Korean,1A Korean
1 Korean,1AX Korean
1 Korean,1B Korean
1 Korean,1BX Korean
10 Korean,10A Korean
10 Korean,10B Korean
10AX Korean,10 Korean
10AX Korean,10A Korean
10BX Korean,10 Korean
10BX Korean,10B Korean
1AX Korean,1 Korean
1AX Korean,1A Korean
1BX Korean,1 Korean
1BX Korean,1B Korean
1 Latin,10 Latin
1 Latin,15 Latin
10 Latin,1 Latin
10 Latin,15 Latin
10 Latin,2 Latin
15 Latin,1 Latin
15 Latin,10 Latin
15 Latin,2 Latin
2 Latin,10 Latin
2 Latin,15 Latin
200A Landscape Arch & Env Plan,101 Landscape Arch & Env Plan
200B Landscape Arch & Env Plan,102 Landscape Arch & Env Plan
375 Landscape Arch & Env Plan,301 Landscape Arch & Env Plan
C203 Landscape Arch & Env Plan,203 Landscape Arch & Env Plan
C237 Landscape Arch & Env Plan,237 Landscape Arch & Env Plan
100 Legal Studies,100A Legal Studies
178 Legal Studies,177 Legal Studies
184 Legal Studies,114 Sociology
20AC LGBT Studies,20 Comparative Literature
10 Linguistics,1A Linguistics
10 Linguistics,1B Linguistics
155AC Linguistics,55AC Linguistics
1A Linguistics,10 Linguistics
1B Linguistics,10 Linguistics
C1A Linguistics,1A Linguistics
C1B Linguistics,C11B African American Studies
R1B Linguistics,R6 Linguistics
102 Middle Eastern Studies,102 International & Area Stds
113 Materials Science & Eng,C113 Materials Science & Eng
113 Materials Science & Eng,C124 Mechanical Engineering
375A Materials Science & Eng,300 Materials Science & Eng
C113 Materials Science & Eng,113 Materials Science & Eng
C113 Materials Science & Eng,102A Mechanical Engineering
C113 Materials Science & Eng,C124 Mechanical Engineering
104 Mathematics,H104 Mathematics
10A Mathematics,1A Mathematics
10B Mathematics,55 Mathematics
110 Mathematics,H110 Mathematics
113 Mathematics,H113 Mathematics
16A Mathematics,1A Mathematics
16B Mathematics,1A Mathematics
16B Mathematics,1B Mathematics
185 Mathematics,H185 Mathematics
1A Mathematics,16A Mathematics
1A Mathematics,16B Mathematics
1B Mathematics,16B Mathematics
1B Mathematics,H1B Mathematics
32 Mathematics,16A Mathematics
32 Mathematics,16B Mathematics
32 Mathematics,1A Mathematics
32 Mathematics,1B Mathematics
32 Mathematics,96 Mathematics
375 Mathematics,300 Mathematics
53 Mathematics,H53 Mathematics
53 Mathematics,W53 Mathematics
54 Mathematics,H54 Mathematics
55 Mathematics,70 Computer Science
96 Mathematics,32 Mathematics
H104 Mathematics,104 Mathematics
H110 Mathematics,110 Mathematics
H113 Mathematics,113 Mathematics
H185 Mathematics,185 Mathematics
H1B Mathematics,16A Mathematics
H1B Mathematics,16B Mathematics
H1B Mathematics,1B Mathematics
H53 Mathematics,53 Mathematics
H54 Mathematics,54 Mathematics
W53 Mathematics,53 Mathematics
236V Business Admin-MBA,295D Business Admin-MBA
375 Business Admin-MBA,300 Business Admin-MBA
W211 Business Admin-MBA,211 Business Admin-MBA
100B Molecular & Cell Biology,135 Chemistry
100B Molecular & Cell Biology,102 Molecular & Cell Biology
102 Molecular & Cell Biology,135 Chemistry
102 Molecular & Cell Biology,C130 Chemistry
102 Molecular & Cell Biology,100B Molecular & Cell Biology
102 Molecular & Cell Biology,110 Molecular & Cell Biology
104 Molecular & Cell Biology,110 Molecular & Cell Biology
104 Molecular & Cell Biology,130 Molecular & Cell Biology
104 Molecular & Cell Biology,140 Molecular & Cell Biology
104 Molecular & Cell Biology,140L Molecular & Cell Biology
104 Molecular & Cell Biology,C142 Molecular & Cell Biology
110 Molecular & Cell Biology,104 Molecular & Cell Biology
130A Molecular & Cell Biology,130 Molecular & Cell Biology
133L Molecular & Cell Biology,130L Molecular & Cell Biology
136 Molecular & Cell Biology,132 Integrative Biology
140 Molecular & Cell Biology,104 Molecular & Cell Biology
140 Molecular & Cell Biology,C142 Molecular & Cell Biology
143 Molecular & Cell Biology,163 Integrative Biology
149 Molecular & Cell Biology,164 Integrative Biology
160 Molecular & Cell Biology,C160 Molecular & Cell Biology
210 Molecular & Cell Biology,200 Molecular & Cell Biology
31 Molecular & Cell Biology,1A Biology
31 Molecular & Cell Biology,1B Biology
41 Molecular & Cell Biology,1A Biology
41 Molecular & Cell Biology,1B Biology
50 Molecular & Cell Biology,135 Chemistry
50 Molecular & Cell Biology,C130 Chemistry
50 Molecular & Cell Biology,102 Molecular & Cell Biology
50 Molecular & Cell Biology,150 Molecular & Cell Biology
55 Molecular & Cell Biology,C130 Chemistry
55 Molecular & Cell Biology,100B Molecular & Cell Biology
55 Molecular & Cell Biology,102 Molecular & Cell Biology
55 Molecular & Cell Biology,150 Molecular & Cell Biology
55 Molecular & Cell Biology,C103 Molecular & Cell Biology
61 Molecular & Cell Biology,C130 Chemistry
61 Molecular & Cell Biology,132 Integrative Biology
61 Molecular & Cell Biology,110 Molecular & Cell Biology
61 Molecular & Cell Biology,130 Molecular & Cell Biology
61 Molecular & Cell Biology,130A Molecular & Cell Biology
61 Molecular & Cell Biology,136 Molecular & Cell Biology
61 Molecular & Cell Biology,140 Molecular & Cell Biology
61 Molecular & Cell Biology,160 Molecular & Cell Biology
61 Molecular & Cell Biology,C160 Molecular & Cell Biology
61 Molecular & Cell Biology,C61 Molecular & Cell Biology
61 Molecular & Cell Biology,N61 Molecular & Cell Biology
61 Molecular & Cell Biology,W61 Molecular & Cell Biology
63 Molecular & Cell Biology,C130 Chemistry
63 Molecular & Cell Biology,132 Integrative Biology
63 Molecular & Cell Biology,104 Molecular & Cell Biology
63 Molecular & Cell Biology,110 Molecular & Cell Biology
63 Molecular & Cell Biology,130 Molecular & Cell Biology
63 Molecular & Cell Biology,130A Molecular & Cell Biology
63 Molecular & Cell Biology,136 Molecular & Cell Biology
63 Molecular & Cell Biology,160 Molecular & Cell Biology
63 Molecular & Cell Biology,161 Molecular & Cell Biology
63 Molecular & Cell Biology,C160 Molecular & Cell Biology
64 Molecular & Cell Biology,C130 Chemistry
64 Molecular & Cell Biology,132 Integrative Biology
64 Molecular & Cell Biology,104 Molecular & Cell Biology
64 Molecular & Cell Biology,110 Molecular & Cell Biology
64 Molecular & Cell Biology,130 Molecular & Cell Biology
64 Molecular & Cell Biology,130A Molecular & Cell Biology
64 Molecular & Cell Biology,136 Molecular & Cell Biology
64 Molecular & Cell Biology,160 Molecular & Cell Biology
64 Molecular & Cell Biology,61 Molecular & Cell Biology
64 Molecular & Cell Biology,C160 Molecular & Cell Biology
C110L Molecular & Cell Biology,110L Molecular & Cell Biology
C142 Molecular & Cell Biology,141 Integrative Biology
C142 Molecular & Cell Biology,140 Molecular & Cell Biology
C160 Molecular & Cell Biology,160 Molecular & Cell Biology
C31 Molecular & Cell Biology,1A Biology
C31 Molecular & Cell Biology,1B Biology
C31 Molecular & Cell Biology,31 Molecular & Cell Biology
C31 Molecular & Cell Biology,41 Molecular & Cell Biology
C61 Molecular & Cell Biology,C130 Chemistry
C61 Molecular & Cell Biology,132 Integrative Biology
C61 Molecular & Cell Biology,104 Molecular & Cell Biology
C61 Molecular & Cell Biology,110 Molecular & Cell Biology
C61 Molecular & Cell Biology,130 Molecular & Cell Biology
C61 Molecular & Cell Biology,130A Molecular & Cell Biology
C61 Molecular & Cell Biology,136 Molecular & Cell Biology
C61 Molecular & Cell Biology,160 Molecular & Cell Biology
C61 Molecular & Cell Biology,61 Molecular & Cell Biology
C61 Molecular & Cell Biology,C160 Molecular & Cell Biology
C61 Molecular & Cell Biology,N61 Molecular & Cell Biology
C61 Molecular & Cell Biology,W61 Molecular & Cell Biology
C62 Molecular & Cell Biology,C130 Chemistry
C62 Molecular & Cell Biology,132 Integrative Biology
C62 Molecular & Cell Biology,104 Molecular & Cell Biology
C62 Molecular & Cell Biology,136 Molecular & Cell Biology
C62 Molecular & Cell Biology,160 Molecular & Cell Biology
C62 Molecular & Cell Biology,C160 Molecular & Cell Biology
C62 Molecular & Cell Biology,119 Psychology
C64 Molecular & Cell Biology,C130 Chemistry
C64 Molecular & Cell Biology,132 Integrative Biology
C64 Molecular & Cell Biology,104 Molecular & Cell Biology
C64 Molecular & Cell Biology,110 Molecular & Cell Biology
C64 Molecular & Cell Biology,130 Molecular & Cell Biology
C64 Molecular & Cell Biology,130A Molecular & Cell Biology
C64 Molecular & Cell Biology,136 Molecular & Cell Biology
C64 Molecular & Cell Biology,160 Molecular & Cell Biology
C64 Molecular & Cell Biology,C160 Molecular & Cell Biology
C64 Molecular & Cell Biology,C61 Molecular & Cell Biology
N130L Molecular & Cell Biology,130L Molecular & Cell Biology
N61 Molecular & Cell Biology,61 Molecular & Cell Biology
N61 Molecular & Cell Biology,C61 Molecular & Cell Biology
W61 Molecular & Cell Biology,C130 Chemistry
W61 Molecular & Cell Biology,132 Integrative Biology
W61 Molecular & Cell Biology,130 Molecular & Cell Biology
W61 Molecular & Cell Biology,130A Molecular & Cell Biology
W61 Molecular & Cell Biology,136 Molecular & Cell Biology
W61 Molecular & Cell Biology,160 Molecular & Cell Biology
W61 Molecular & Cell Biology,61 Molecular & Cell Biology
W61 Molecular & Cell Biology,C160 Molecular & Cell Biology
W61 Molecular & Cell Biology,C61 Molecular & Cell Biology
W61 Molecular & Cell Biology,N61 Molecular & Cell Biology
102 Mechanical Engineering,102B Mechanical Engineering
235 Mechanical Engineering,135 Mechanical Engineering
246 Mechanical Engineering,146 Mechanical Engineering
290I Mechanical Engineering,290C Engineering
375 Mechanical Engineering,301 Mechanical Engineering
C117 Mechanical Engineering,C215 Mechanical Engineering
C215 Mechanical Engineering,C117 Mechanical Engineering
C218 Mechanical Engineering,C245 Electrical Engineering
C232 Mechanical Engineering,232 Mechanical Engineering
C85 Mechanical Engineering,W85 Mechanical Engineering
W85 Mechanical Engineering,C85 Mechanical Engineering
230VB Financial Engineering,230V Financial Engineering
131 Military Science,431 Military Science
132 Military Science,432 Military Science
108 Music,108M Music
108M Music,108 Music
128AM Music,128A Music
128RM Music,128R Music
52A Music,52B Music
76 Music,70 Music
77 Music,170 Music
N148 Music,148 Music
N26AC Music,26AC Music
178AC Native American Studies,190 Ethnic Studies
108 Near Eastern Studies,130 Classics
108 Near Eastern Studies,151 Comparative Literature
C103 Near Eastern Studies,103 Near Eastern Studies
375 Nuclear Engineering,301 Nuclear Engineering
92 Nuclear Engineering,39A Nuclear Engineering
10 Nutritional Science & Tox,103 Nutritional Science & Tox
10 Nutritional Science & Tox,11 Nutritional Science & Tox
10 Nutritional Science & Tox,160 Nutritional Science & Tox
170 Nutritional Science & Tox,171 Nutritional Science & Tox
171 Nutritional Science & Tox,170 Nutritional Science & Tox
203 New Media,C203 New Media
C203 New Media,203 New Media
10 Optometry,C10 Optometry
450A Optometry,450B Optometry
C10 Optometry,10 Optometry
100 Peace & Conflict Studies,10 Peace & Conflict Studies
150AC Peace & Conflict Studies,150 Peace & Conflict Studies
103 Public Health,191 Sociology
200J Public Health,200C1 Public Health
200K Public Health,200C2 Public Health
200L Public Health,200C3 Public Health
210C Public Health,210 Public Health
210C Public Health,210B Public Health
263 Public Health,150 Molecular & Cell Biology
288D Public Health,288C Public Health
375A Public Health,333 Public Health
375B Public Health,300 Public Health
C270B Public Health,270B Public Health
10 Persian,1A Persian
10 Persian,1B Persian
1A Persian,10 Persian
1B Persian,10 Persian
375 Business Admin-PhD,300 Business Admin-PhD
185 Philosophy,187 Philosophy
25A Philosophy,36 Classics
C132 Philosophy,132 Philosophy
111 Physics,111A Physics
111 Physics,111B Physics
111A Physics,111 Physics
111A Physics,111B Physics
375 Physics,300 Physics
7A Physics,H7A Physics
7B Physics,H7B Physics
7C Physics,H7C Physics
8A Physics,7A Physics
8B Physics,7B Physics
8B Physics,7C Physics
H7A Physics,7A Physics
H7B Physics,7B Physics
H7C Physics,7C Physics
120 Plant Biology,"132 Env Sci, Policy, & Mgmt"
125 Political Science,123I Political Science
164A Political Science,N164A Political Science
375 Political Science,301 Political Science
C135 Political Science,104 Economics
C139 Political Science,139D Political Science
N164A Political Science,164A Political Science
W135 Political Science,N110 Economics
W135 Political Science,C135 Political Science
100 Political Economy,100A Economics
100 Political Economy,101A Economics
100 Political Economy,101A Business Admin-Undergrad
101 Portuguese,101A Portuguese
101 Portuguese,101B Portuguese
101A Portuguese,101 Portuguese
101B Portuguese,101 Portuguese
102 Portuguese,103 Portuguese
11 Portuguese,101 Portuguese
12 Portuguese,101 Portuguese
1 Psychology,2 Psychology
1 Psychology,N1 Psychology
1 Psychology,W1 Psychology
125 Psychology,192 Psychology
150 Psychology,N150 Psychology
162 Psychology,C162 Psychology
2 Psychology,1 Psychology
2 Psychology,N1 Psychology
2 Psychology,W1 Psychology
230 Psychology,230A Psychology
230A Psychology,230 Psychology
375 Psychology,300 Psychology
48 Psychology,125 Psychology
C115B Psychology,146 Psychology
C162 Psychology,162 Psychology
N1 Psychology,1 Psychology
N1 Psychology,2 Psychology
N1 Psychology,W1 Psychology
N130 Psychology,130 Psychology
N133 Psychology,133 Psychology
N140 Psychology,140 Psychology
N150 Psychology,150 Psychology
N160 Psychology,160 Psychology
N162 Psychology,162 Psychology
N162 Psychology,C162 Psychology
N180 Psychology,180 Psychology
W1 Psychology,1 Psychology
W1 Psychology,2 Psychology
W1 Psychology,N1 Psychology
C103 Public Policy,103 Public Policy
C165 Religious Studies,140 South Asian
C90B Religious Studies,90B Religious Studies
104 Rhetoric,105 Rhetoric
106 Rhetoric,173 Rhetoric
107 Rhetoric,174 Rhetoric
116 Rhetoric,132 Rhetoric
118 Rhetoric,181 Rhetoric
121B Rhetoric,121 Rhetoric
129 Rhetoric,139 Rhetoric
129AC Rhetoric,139AC Rhetoric
130 Rhetoric,128 Rhetoric
133T Rhetoric,129 Rhetoric
300 Rhetoric,375 Rhetoric
1 Russian,1 Slavic Languages & Lit
1 Russian,10 Slavic Languages & Lit
103A Russian,103A Slavic Languages & Lit
2 Russian,10 Slavic Languages & Lit
2 Russian,2 Slavic Languages & Lit
3 Russian,3 Slavic Languages & Lit
4 Russian,4 Slavic Languages & Lit
C140 South Asian,140 South Asian
C142 South Asian,142 South Asian
375 South & SE Asian Studies,300 South & SE Asian Studies
1A Scandinavian,1A Swedish
C160 Scandinavian,160 Scandinavian
1 Slavic Languages & Lit,1 Russian
1 Slavic Languages & Lit,10 Slavic Languages & Lit
10 Slavic Languages & Lit,1 Russian
10 Slavic Languages & Lit,2 Russian
10 Slavic Languages & Lit,1 Slavic Languages & Lit
10 Slavic Languages & Lit,2 Slavic Languages & Lit
103A Slavic Languages & Lit,103A Russian
2 Slavic Languages & Lit,10 Slavic Languages & Lit
114AC Social Welfare,114 Social Welfare
116 Social Welfare,105 Social Welfare
250N Social Welfare,250NB Social Welfare
290A Social Welfare,400 Social Welfare
290B Social Welfare,400B Social Welfare
1 Sociology,3AC Sociology
101 Sociology,101A Sociology
102 Sociology,101B Sociology
111AC Sociology,111 Sociology
111C Sociology,118 Sociology
112 Sociology,C112 Sociology
113AC Sociology,113 Sociology
114 Sociology,184 Legal Studies
120 Sociology,143 Sociology
122A Sociology,122 Sociology
127 Sociology,172 Sociology
128 Sociology,"163AC Env Sci, Policy, & Mgmt"
130AC Sociology,130 Sociology
131A Sociology,131AC Sociology
131AC Sociology,131A Sociology
136 Sociology,125 Sociology
145 Sociology,170 Sociology
145L Sociology,187 Sociology
146AC Sociology,146 Sociology
150A Sociology,C150A Sociology
152 Sociology,115 Sociology
166 Sociology,119 Sociology
167 Sociology,C167 Sociology
180C Sociology,122 Sociology
180I Sociology,122 Sociology
180I Sociology,122A Sociology
182 Sociology,131B Sociology
191 Sociology,100 Sociology
3AC Sociology,1 Sociology
C112 Sociology,112 Sociology
C115 Sociology,155 Sociology
C115 Sociology,C155 Sociology
C116G Sociology,116 Sociology
C150A Sociology,150A Sociology
C155 Sociology,155 Sociology
C155 Sociology,C115 Sociology
C167 Sociology,167 Sociology
1 Spanish,15 Spanish
15 Spanish,1 Spanish
15 Spanish,2 Spanish
16 Spanish,3 Spanish
2 Spanish,15 Spanish
20 Spanish,3 Spanish
20 Spanish,4 Spanish
20 Spanish,N3 Spanish
20 Spanish,N4 Spanish
3 Spanish,20 Spanish
375 Spanish,301 Spanish
4 Spanish,20 Spanish
N3 Spanish,20 Spanish
N3 Spanish,3 Spanish
N4 Spanish,20 Spanish
N4 Spanish,4 Spanish
2 Statistics,20 Statistics
2 Statistics,21 Statistics
2 Statistics,N21 Statistics
2 Statistics,W21 Statistics
20 Statistics,2 Statistics
20 Statistics,21 Statistics
20 Statistics,N21 Statistics
20 Statistics,W21 Statistics
200A Statistics,201A Statistics
200A Statistics,201B Statistics
200B Statistics,201A Statistics
200B Statistics,201B Statistics
201A Statistics,200A Statistics
201B Statistics,200B Statistics
21 Statistics,2 Statistics
21 Statistics,20 Statistics
21 Statistics,N21 Statistics
21 Statistics,W21 Statistics
375 Statistics,300 Statistics
C205A Statistics,C205B Statistics
C205B Statistics,C205A Statistics
C206B Statistics,C206A Statistics
N21 Statistics,2 Statistics
N21 Statistics,20 Statistics
N21 Statistics,21 Statistics
W21 Statistics,2 Statistics
W21 Statistics,20 Statistics
W21 Statistics,21 Statistics
W21 Statistics,N21 Statistics
1A Swedish,1A Scandinavian
10 Theater Dance & Perf Stds,N10 Theater Dance & Perf Stds
N10 Theater Dance & Perf Stds,10 Theater Dance & Perf Stds
101A Business Admin-Undergrad,100A Economics
101A Business Admin-Undergrad,101A Economics
101A Business Admin-Undergrad,100 Environ Econ & Policy
101A Business Admin-Undergrad,106 International & Area Stds
101B Business Admin-Undergrad,100B Economics
101B Business Admin-Undergrad,101B Economics
101B Business Admin-Undergrad,107 International & Area Stds
102A Business Admin-Undergrad,120A Business Admin-Undergrad
102B Business Admin-Undergrad,120B Business Admin-Undergrad
105 Business Admin-Undergrad,171 Industrial Eng & Ops Rsch
105 Business Admin-Undergrad,180 Psychology
106 Business Admin-Undergrad,160 Business Admin-Undergrad
107 Business Admin-Undergrad,170 Business Admin-Undergrad
117 Business Admin-Undergrad,119 Business Admin-Undergrad
118 Business Admin-Undergrad,187 Business Admin-Undergrad
118 Business Admin-Undergrad,C181 Economics
120A Business Admin-Undergrad,121 Business Admin-Undergrad
120B Business Admin-Undergrad,122 Business Admin-Undergrad
127 Business Admin-Undergrad,129 Business Admin-Undergrad
154 Business Admin-Undergrad,155 Business Admin-Undergrad
167 Business Admin-Undergrad,169 Business Admin-Undergrad
177 Business Admin-Undergrad,179 Business Admin-Undergrad
192A Business Admin-Undergrad,115 Business Admin-Undergrad
195A Business Admin-Undergrad,115 Business Admin-Undergrad
80A UGIS-UG Interdisc Studies,82 UGIS-UG Interdisc Studies
80B UGIS-UG Interdisc Studies,82 UGIS-UG Interdisc Studies
81A UGIS-UG Interdisc Studies,82 UGIS-UG Interdisc Studies
81B UGIS-UG Interdisc Studies,82 UGIS-UG Interdisc Studies
82 UGIS-UG Interdisc Studies,80A UGIS-UG Interdisc Studies
82 UGIS-UG Interdisc Studies,80B UGIS-UG Interdisc Studies
82 UGIS-UG Interdisc Studies,81A UGIS-UG Interdisc Studies
82 UGIS-UG Interdisc Studies,81B UGIS-UG Interdisc Studies
101B Vietnamese,101A Vietnamese
206D Vision Science,206A Vision Science
255 Business Admin-MBA,256 Business Admin-MBA
256 Business Admin-MBA,255 Business Admin-MBA
